id,name,category,collection,material,stones,availability,price,image
aurora-ring,Кольцо Aurora,Кольца,Signature Gold,Золото 585 / 750,Центральный камень на выбор,Под заказ,Цена по запросу,assets/real-photos/aurora-ring.jpg
diamond-halo-ring,Кольцо Diamond Halo,Кольца,Evening Shine,Золото 585,Фианиты / бриллианты по запросу,Под заказ,Цена по запросу,assets/real-photos/diamond-halo-ring.jpg
classic-band-ring,Кольцо Classic Band,Кольца,Classic Line,Желтое / белое / красное золото,Без вставок или по желанию,Возможно изготовление пары,Цена по запросу,assets/real-photos/classic-band-ring.jpg
royal-line-ring,Кольцо Royal Line,Кольца,Royal Detail,Золото 585 / 750,Дорожка камней по запросу,Под заказ,Цена по запросу,assets/real-photos/royal-line-ring.jpg
stella-earrings,Серьги Stella,Серьги,Stella,Золото 585,Камни по запросу,Под заказ,Цена по запросу,assets/real-photos/stella-earrings.jpg
grace-drop-earrings,Серьги Grace Drop,Серьги,Grace,Золото 585 / 750,Фианиты / натуральные камни по запросу,Под заказ,Цена по запросу,assets/real-photos/grace-drop-earrings.jpg
minimal-gold-earrings,Серьги Minimal Gold,Серьги,Daily Gold,Золото 585,Без вставок,Под заказ,Цена по запросу,assets/real-photos/minimal-gold-earrings.jpg
evening-spark-earrings,Серьги Evening Spark,Серьги,Evening Shine,Золото 585 / 750,Сияющие вставки по запросу,Под заказ,Цена по запросу,assets/real-photos/evening-spark-earrings.jpg
monaco-bracelet,Браслет Monaco,Браслеты,Monaco,Золото 585,Без вставок или по желанию,Под заказ,Цена по запросу,assets/real-photos/monaco-bracelet.jpg
tennis-glow-bracelet,Браслет Tennis Glow,Браслеты,Tennis,Золото 585 / 750,Дорожка камней по запросу,Под заказ,Цена по запросу,assets/real-photos/tennis-glow-bracelet.jpg
chain-classic-bracelet,Браслет Chain Classic,Браслеты,Classic Chain,Золото 585,Без вставок,Под заказ,Цена по запросу,assets/real-photos/chain-classic-bracelet.jpg
signature-bracelet,Браслет Signature,Браслеты,Signature Gold,Золото 585 / 750,По желанию клиента,Под заказ,Цена по запросу,assets/real-photos/signature-bracelet.jpg
figaro-chain,Цепочка Figaro,Цепочки,Classic Chain,Золото 585,Без вставок,Под заказ / по наличию,Цена по запросу,assets/real-photos/figaro-chain.jpg
anchor-chain,Цепочка Anchor,Цепочки,Daily Gold,Золото 585 / 750,Без вставок,Под заказ / по наличию,Цена по запросу,assets/real-photos/anchor-chain.jpg
rope-chain,Цепочка Rope,Цепочки,Royal Detail,Золото 585,Без вставок,Под заказ / по наличию,Цена по запросу,assets/real-photos/rope-chain.jpg
cuban-chain,Цепочка Cuban,Цепочки,Bold Gold,Золото 585 / 750,Без вставок / камни по запросу,Под заказ,Цена по запросу,assets/real-photos/cuban-chain.jpg
diamond-star-pendant,Подвеска Diamond Star,Подвески,Stella,Золото 585 / 750,Камень по запросу,Под заказ,Цена по запросу,assets/real-photos/diamond-star-pendant.jpg
initial-pendant,Подвеска Initial,Подвески,Personal,Золото 585,По желанию,Под заказ,Цена по запросу,assets/real-photos/initial-pendant.jpg
gold-cross-pendant,Крестик Gold Light,Подвески,Classic Line,Золото 585 / 750,Без вставок или по желанию,Под заказ / по наличию,Цена по запросу,assets/real-photos/gold-cross-pendant.jpg
heart-pendant,Подвеска Heart,Подвески,Gift Line,Золото 585,Камни по запросу,Под заказ,Цена по запросу,assets/real-photos/heart-pendant.jpg
eternity-wedding-rings,Обручальные Eternity,Обручальные,Wedding,Золото 585 / 750,Дорожка камней по запросу,Под заказ,Цена по запросу,assets/real-photos/eternity-wedding-rings.jpg
classic-pair-wedding-rings,Обручальные Classic Pair,Обручальные,Wedding,Желтое / белое / красное золото,Без вставок или по желанию,Под заказ,Цена по запросу,assets/real-photos/classic-pair-wedding-rings.jpg
roman-wedding-rings,Обручальные Roman,Обручальные,Wedding,Золото 585 / 750,По желанию,Под заказ,Цена по запросу,assets/real-photos/roman-wedding-rings.jpg
bespoke-sketch,Индивидуальный эскиз,Под заказ,Bespoke,Золото 585 / 750,По желанию клиента,Под заказ,Расчет после консультации,assets/real-photos/bespoke-sketch.jpg
